window_sec,window_min,n_samples,mean_acc,std_acc,min_acc,vs_baseline
5,0.08333333333333333,15119,94.69915063612812,7.386810551380736,77.77777777777779,-0.33084936387187724
10,0.16666666666666666,7560,93.16285510224904,9.979836456936049,70.27777777777777,-1.8671448977509613
15,0.25,5040,94.46043771043772,9.818045566757219,70.41666666666667,-0.5695622895622847
30,0.5,2520,93.28896103896102,9.223546040389845,73.33333333333333,-1.7410389610389814
60,1.0,1260,93.21212121212122,8.742699958889485,75.0,-1.817878787878783
120,2.0,627,94.87084987084987,8.537740935681857,73.33333333333333,-0.1591501291501345
300,5.0,252,90.14069264069265,12.91760855801558,58.333333333333336,-4.889307359307352
600,10.0,123,92.4891774891775,14.311435587788612,50.0,-2.540822510822508
