window_sec,window_min,n_samples,mean_acc,std_acc,min_acc,feasible_rate,vs_baseline
5,0.08333333333333333,15119,96.05654406310113,6.699204389177785,78.75,100.0,2.078639847935733
10,0.16666666666666666,7560,93.13724182663577,9.958362597964431,70.27777777777777,100.0,-0.8406623885296227
15,0.25,5040,93.58651996151995,9.920171052239176,70.41666666666667,100.0,-0.39138425364544105
30,0.5,2520,92.53138528138528,9.253763814317432,73.33333333333333,100.0,-1.446518933780112
60,1.0,1260,88.01082251082252,20.99219299974161,25.0,100.0,-5.967081704342874
120,2.0,627,95.46525546525545,7.793451421081637,73.33333333333333,100.0,1.4873512500900574
300,5.0,252,93.54978354978354,10.356187220406952,66.66666666666666,100.0,-0.42812066538185434
600,10.0,123,91.73160173160173,14.112985678472869,50.0,100.0,-2.2463024835636674
