{
  "timestamp": "2026-02-06T09:07:50.204977",
  "total_pineapples": 8,
  "pineapple_reports": {
    "04": {
      "distribution": {
        "0": 900,
        "1": 900,
        "2": 300,
        "3": 600,
        "4": 899
      },
      "entropy": 0.9602526382545317,
      "issues": [],
      "status": "PASS",
      "changepoint_density": 1.1114198388441232,
      "changepoint_status": "正常",
      "silhouette_score": 0.3868065208922172,
      "clustering_quality": "良好"
    },
    "02": {
      "distribution": {
        "0": 900,
        "1": 900,
        "2": 900,
        "3": 900
      },
      "entropy": 0.9999999997114609,
      "issues": [],
      "status": "PASS",
      "changepoint_density": 0.8333333333333333,
      "changepoint_status": "正常",
      "silhouette_score": 0.40235294619485046,
      "clustering_quality": "良好"
    },
    "03": {
      "distribution": {
        "0": 900,
        "1": 900,
        "2": 900,
        "3": 450,
        "4": 450
      },
      "entropy": 0.9690222553544668,
      "issues": [],
      "status": "PASS",
      "changepoint_density": 1.1111111111111112,
      "changepoint_status": "正常",
      "silhouette_score": 0.7611055444063539,
      "clustering_quality": "優秀"
    },
    "06": {
      "distribution": {
        "0": 900,
        "1": 900,
        "2": 900
      },
      "entropy": 0.9999999997269281,
      "issues": [],
      "status": "PASS",
      "changepoint_density": 0.7407407407407407,
      "changepoint_status": "正常",
      "silhouette_score": 0.8907546361050347,
      "clustering_quality": "優秀"
    },
    "01": {
      "distribution": {
        "0": 900,
        "1": 900,
        "2": 900,
        "3": 900,
        "4": 900
      },
      "entropy": 0.9999999996893326,
      "issues": [],
      "status": "PASS",
      "changepoint_density": 0.8888888888888888,
      "changepoint_status": "正常",
      "silhouette_score": 0.35953942171473807,
      "clustering_quality": "良好"
    },
    "08": {
      "distribution": {
        "0": 300,
        "1": 300,
        "2": 300,
        "3": 300,
        "4": 300,
        "5": 300,
        "6": 300,
        "7": 300,
        "8": 300
      },
      "entropy": 0.9999999995903924,
      "issues": [],
      "status": "PASS",
      "changepoint_density": 2.962962962962963,
      "changepoint_status": "正常",
      "silhouette_score": 0.7409091625299665,
      "clustering_quality": "優秀"
    },
    "07": {
      "distribution": {
        "0": 300,
        "1": 300,
        "2": 300,
        "3": 300,
        "4": 300,
        "5": 300,
        "6": 370,
        "7": 529
      },
      "entropy": 0.9891754305041403,
      "issues": [],
      "status": "PASS",
      "changepoint_density": 2.593553167839941,
      "changepoint_status": "正常",
      "silhouette_score": 0.6458504324801194,
      "clustering_quality": "優秀"
    },
    "05": {
      "distribution": {
        "0": 500,
        "1": 400,
        "2": 900,
        "3": 900,
        "4": 600,
        "5": 300
      },
      "entropy": 0.958367083435999,
      "issues": [],
      "status": "PASS",
      "changepoint_density": 1.3888888888888888,
      "changepoint_status": "正常",
      "silhouette_score": 0.6131285013224262,
      "clustering_quality": "優秀"
    }
  },
  "overall_status": "PASS"
}