config,accuracy,n_samples,validation
window_30s,0.44991789819376027,1827,LOSO
window_45s,0.44124897288414133,1217,LOSO
best_model_window_60s_LOSO,0.4331140350877193,912,LOSO
