config,accuracy,n_samples,validation
window_45s,0.5885911840968021,1157,LOSO
window_30s,0.5659182498560736,1737,LOSO
best_model_window_60s_LOSO,0.5594002306805075,867,LOSO
