config,accuracy,n_samples,validation
window_45s,0.5375909458367018,1237,LOSO
window_30s,0.505654281098546,1857,LOSO
best_model_window_60s_LOSO,0.49730312837108953,927,LOSO
