{
  "timestamp": "2026-02-12T13:13:10.136927",
  "total_pineapples": 11,
  "pineapple_reports": {
    "01": {
      "distribution": {
        "0": 3602,
        "1": 1799,
        "2": 4499
      },
      "entropy": 0.943145479709968,
      "issues": [],
      "status": "PASS"
    },
    "02": {
      "distribution": {
        "0": 2250,
        "1": 2250,
        "2": 2250,
        "3": 2250
      },
      "entropy": 0.9999999997114609,
      "issues": [],
      "status": "PASS"
    },
    "03": {
      "distribution": {
        "0": 2698,
        "1": 2700,
        "2": 2702
      },
      "entropy": 0.9999998332451158,
      "issues": [],
      "status": "PASS"
    },
    "04": {
      "distribution": {
        "0": 2025,
        "1": 2025,
        "2": 2025,
        "3": 2025
      },
      "entropy": 0.9999999997114609,
      "issues": [],
      "status": "PASS"
    },
    "05": {
      "distribution": {
        "0": 2025,
        "1": 2025,
        "2": 2025,
        "3": 2025
      },
      "entropy": 0.9999999997114609,
      "issues": [],
      "status": "PASS"
    },
    "06": {
      "distribution": {
        "0": 1574,
        "1": 1575,
        "2": 1575,
        "3": 1575
      },
      "entropy": 0.9999999724381062,
      "issues": [],
      "status": "PASS"
    },
    "07": {
      "distribution": {
        "0": 1799,
        "1": 1800,
        "2": 1799,
        "3": 1800
      },
      "entropy": 0.9999999718662278,
      "issues": [],
      "status": "PASS"
    },
    "08": {
      "distribution": {
        "0": 1800,
        "1": 1800,
        "2": 1800,
        "3": 1800
      },
      "entropy": 0.9999999997114609,
      "issues": [],
      "status": "PASS"
    },
    "09": {
      "distribution": {
        "0": 1125,
        "1": 1125,
        "2": 1125,
        "3": 1125
      },
      "entropy": 0.9999999997114609,
      "issues": [],
      "status": "PASS"
    },
    "10": {
      "distribution": {
        "0": 900,
        "1": 900,
        "2": 900,
        "3": 900
      },
      "entropy": 0.9999999997114609,
      "issues": [],
      "status": "PASS"
    },
    "11": {
      "distribution": {
        "0": 900,
        "1": 900,
        "2": 900,
        "3": 900
      },
      "entropy": 0.9999999997114609,
      "issues": [],
      "status": "PASS"
    }
  },
  "overall_status": "PASS"
}