test_pineapple,n_train,n_test,accuracy,n_errors,confusion_matrix
07,431,53,0.6037735849056604,21,"[[12  0  0  0]
 [ 6  6  0  0]
 [ 0 12  0  0]
 [ 0  0  3 14]]"
08,430,54,0.3333333333333333,36,"[[ 0 18  0  0]
 [ 0  0 12  0]
 [ 0  0  6  6]
 [ 0  0  0 12]]"
02,412,72,0.5,36,"[[18  0  0  0]
 [ 0  0 18  0]
 [ 0  0 18  0]
 [ 0 18  0  0]]"
06,448,36,0.5,18,"[[18  0  0  0]
 [ 0  0  0  0]
 [ 0  0  0  0]
 [ 0  0 18  0]]"
04,431,53,0.6792452830188679,17,"[[18  0  0  0]
 [ 0 18  0  0]
 [ 0  5  0  1]
 [ 0 11  0  0]]"
03,430,54,1.0,0,"[[18  0  0  0]
 [ 0 18  0  0]
 [ 0  0  0  0]
 [ 0  0  0 18]]"
01,394,90,0.2,72,"[[18 18  0  0]
 [ 0  0  0 18]
 [ 0  1  0 17]
 [18  0  0  0]]"
05,412,72,0.0,72,"[[ 0  0  0 18]
 [18  0  0  0]
 [ 0  0  0 18]
 [18  0  0  0]]"
