{
  "timestamp": "2026-02-09T20:17:56.690198",
  "total_pineapples": 11,
  "pineapple_reports": {
    "01": {
      "distribution": {
        "0": 900,
        "1": 900,
        "2": 900,
        "3": 900,
        "4": 900,
        "5": 900,
        "6": 900,
        "7": 900,
        "8": 900
      },
      "entropy": 0.9999999995903924,
      "issues": [],
      "status": "PASS",
      "changepoint_density": 0.9876543209876544,
      "changepoint_status": "正常",
      "silhouette_score": 0.37217566195999996,
      "clustering_quality": "良好"
    },
    "02": {
      "distribution": {
        "0": 900,
        "1": 900,
        "2": 900,
        "3": 900,
        "4": 900,
        "5": 900,
        "6": 900,
        "7": 900
      },
      "entropy": 0.9999999996152812,
      "issues": [],
      "status": "PASS",
      "changepoint_density": 0.9722222222222222,
      "changepoint_status": "正常",
      "silhouette_score": 0.4452210661952088,
      "clustering_quality": "良好"
    },
    "03": {
      "distribution": {
        "0": 900,
        "1": 900,
        "2": 900,
        "3": 450,
        "4": 450,
        "5": 390,
        "6": 510,
        "7": 390,
        "8": 510,
        "9": 410,
        "10": 490
      },
      "entropy": 0.9753894995533174,
      "issues": [],
      "status": "PASS",
      "changepoint_density": 1.5873015873015874,
      "changepoint_status": "正常",
      "silhouette_score": 0.5066099334692378,
      "clustering_quality": "優秀"
    },
    "04": {
      "distribution": {
        "0": 900,
        "1": 900,
        "2": 300,
        "3": 600,
        "4": 900,
        "5": 900,
        "6": 900,
        "7": 330,
        "8": 569
      },
      "entropy": 0.9697129487148213,
      "issues": [],
      "status": "PASS",
      "changepoint_density": 1.270042863946658,
      "changepoint_status": "正常",
      "silhouette_score": 0.4753838849943792,
      "clustering_quality": "良好"
    },
    "05": {
      "distribution": {
        "0": 500,
        "1": 400,
        "2": 900,
        "3": 900,
        "4": 600,
        "5": 300,
        "6": 900
      },
      "entropy": 0.9631138732805153,
      "issues": [],
      "status": "PASS",
      "changepoint_density": 1.3333333333333333,
      "changepoint_status": "正常",
      "silhouette_score": 0.45804825252017134,
      "clustering_quality": "良好"
    },
    "06": {
      "distribution": {
        "0": 900,
        "1": 900,
        "2": 900,
        "3": 900,
        "4": 899
      },
      "entropy": 0.9999999382819836,
      "issues": [],
      "status": "PASS",
      "changepoint_density": 0.8890864636585909,
      "changepoint_status": "正常",
      "silhouette_score": 0.5349008436122036,
      "clustering_quality": "優秀"
    },
    "07": {
      "distribution": {
        "0": 300,
        "1": 300,
        "2": 300,
        "3": 300,
        "4": 300,
        "5": 300,
        "6": 300,
        "7": 300,
        "8": 300,
        "9": 300,
        "10": 300,
        "11": 300,
        "12": 300,
        "13": 300,
        "14": 300,
        "15": 300,
        "16": 300,
        "17": 300,
        "18": 410,
        "19": 488
      },
      "entropy": 0.9968081547940939,
      "issues": [],
      "status": "PASS",
      "changepoint_density": 3.016830739917434,
      "changepoint_status": "正常",
      "silhouette_score": 0.3298083710037035,
      "clustering_quality": "良好"
    },
    "08": {
      "distribution": {
        "0": 300,
        "1": 300,
        "2": 300,
        "3": 300,
        "4": 300,
        "5": 300,
        "6": 300,
        "7": 300,
        "8": 300,
        "9": 600,
        "10": 300,
        "11": 380,
        "12": 520,
        "13": 300,
        "14": 300,
        "15": 300,
        "16": 300,
        "17": 300,
        "18": 300
      },
      "entropy": 0.9913091826687266,
      "issues": [],
      "status": "PASS",
      "changepoint_density": 2.857142857142857,
      "changepoint_status": "正常",
      "silhouette_score": 0.19810852024432513,
      "clustering_quality": "可接受"
    },
    "09": {
      "distribution": {
        "0": 900,
        "1": 900,
        "2": 900
      },
      "entropy": 0.9999999997269281,
      "issues": [],
      "status": "PASS",
      "changepoint_density": 0.7407407407407407,
      "changepoint_status": "正常",
      "silhouette_score": 0.87682699127259,
      "clustering_quality": "優秀"
    },
    "10": {
      "distribution": {
        "0": 900,
        "1": 440,
        "2": 460
      },
      "entropy": 0.9462822456201343,
      "issues": [],
      "status": "PASS",
      "changepoint_density": 1.1111111111111112,
      "changepoint_status": "正常",
      "silhouette_score": 0.5934815722988003,
      "clustering_quality": "優秀"
    },
    "11": {
      "distribution": {
        "0": 320,
        "1": 580,
        "2": 480,
        "3": 420
      },
      "entropy": 0.9839309103520689,
      "issues": [],
      "status": "PASS",
      "changepoint_density": 1.6666666666666665,
      "changepoint_status": "正常",
      "silhouette_score": 0.6355580234685375,
      "clustering_quality": "優秀"
    }
  },
  "overall_status": "PASS"
}